Wall time,Step,Value
1686247163.8014488,0,0.38333332538604736
1686247163.8014803,1,0.4749999940395355
1686247163.8015013,2,0.6583333611488342
1686247163.80152,3,0.8083333373069763
1686247163.8015752,4,0.8416666388511658
