Wall time,Step,Value
1685365332.0502617,999,19.313562393188477
1685365954.7054095,1999,40.265201568603516
1685366572.4632564,2999,49.8841438293457
1685367187.7781785,3999,53.09385681152344
1685367794.7267094,4999,58.923160552978516
1685368400.1590016,5999,57.51580047607422
1685368998.137003,6999,59.951202392578125
1685369589.0775032,7999,59.132720947265625
1685370177.6949577,8999,61.84413528442383
1685370783.0517426,9999,61.333900451660156
1685371390.7801323,10999,60.378684997558594
1685371998.8555458,11999,62.24428176879883
1685372607.1383948,12999,61.43365478515625
1685373219.4070501,13999,60.945823669433594
1685373827.500344,15000,62.66035842895508
