Wall time,Step,Value
1685388709.9121642,999,22.532804489135742
1685389328.1295965,1999,45.27418899536133
1685389952.8015785,2999,48.153743743896484
1685390581.880995,3999,50.89984130859375
1685391226.9108768,4999,53.72488784790039
1685391839.0728233,5999,52.642459869384766
1685392442.770714,6999,57.265567779541016
1685393042.8159103,7999,58.17365646362305
1685393640.275002,8999,60.80321502685547
1685394233.0931485,9999,59.9070930480957
1685394828.971174,10999,59.45494079589844
1685395423.4657495,11999,60.24969482421875
1685396019.1984918,12999,60.01411437988281
1685396614.4927125,13999,61.40656661987305
1685397209.1926365,15000,60.48183822631836
