Wall time,Step,Value
1685527617.986483,999,21.200803756713867
1685528249.1032262,1999,33.975521087646484
1685528879.914354,2999,42.25334548950195
1685529515.9066467,3999,44.495357513427734
1685530146.3311014,4999,48.43891906738281
1685530778.155184,5999,50.910255432128906
1685531413.121946,6999,53.09311294555664
1685532046.0344353,7999,51.31031799316406
1685532681.9734902,8999,54.58498764038086
1685533318.2903209,9999,50.704227447509766
1685533952.9666064,10999,53.62568283081055
1685534592.1632361,11999,57.81698989868164
1685535229.0647564,12999,55.98369216918945
1685535864.423297,13999,55.811012268066406
1685536504.0485773,15000,54.00379180908203
