Wall time,Step,Value
1685388709.9149861,999,24.81294059753418
1685389328.132829,1999,51.93954849243164
1685389952.8039317,2999,59.79631042480469
1685390581.8829622,3999,61.03925704956055
1685391226.9129415,4999,66.057373046875
1685391839.0749905,5999,65.55320739746094
1685392442.7731283,6999,67.64839935302734
1685393042.8184834,7999,70.47986602783203
1685393640.2767434,8999,72.24034881591797
1685394233.095027,9999,72.60977935791016
1685394828.9726815,10999,71.70399475097656
1685395423.468269,11999,72.16864013671875
1685396019.2017844,12999,72.43208312988281
1685396614.4955637,13999,74.18122863769531
1685397209.1945558,15000,70.58193969726562
