Wall time,Step,Value
1685545292.0873876,999,22.76995277404785
1685545929.8756435,1999,44.2027473449707
1685546569.5681548,2999,61.26084899902344
1685547212.485322,3999,58.89754104614258
1685547858.1717308,4999,59.678062438964844
1685548502.9828048,5999,62.41794204711914
1685549149.0654595,6999,64.03965759277344
1685549797.3754287,7999,64.6264419555664
1685550444.023388,8999,69.9256362915039
1685551091.6922622,9999,65.35179138183594
1685551739.9452622,10999,68.83277130126953
1685552387.6863928,11999,67.4666748046875
1685553034.9210744,12999,70.22314453125
1685553686.2172828,13999,71.5854721069336
1685554334.1967633,14999,69.65599822998047
