Wall time,Step,Value
1685457110.299913,999,21.362154006958008
1685457713.065853,1999,42.750389099121094
1685458318.0329254,2999,54.389259338378906
1685458924.8494234,3999,59.716182708740234
1685459537.9658272,4999,60.31775665283203
1685460151.3608553,5999,61.379634857177734
1685460735.9885762,6999,62.54587936401367
1685461317.8741188,7999,65.4246597290039
1685461928.824304,8999,62.372528076171875
1685462541.328664,9999,65.32756805419922
1685463148.1195397,10999,65.08460998535156
1685463761.3192801,11999,65.17400360107422
1685464390.715317,12999,63.14326858520508
1685465029.6100621,13999,69.48565673828125
1685465655.995981,15000,63.5931396484375
