Wall time,Step,Value
1685365332.0527725,999,21.555227279663086
1685365954.7094579,1999,48.79545593261719
1685366572.4649668,2999,60.35268783569336
1685367187.7804554,3999,63.30696105957031
1685367794.7286122,4999,66.41958618164062
1685368400.1619947,5999,69.4592056274414
1685368998.1387982,6999,69.81874084472656
1685369589.0803523,7999,70.18243408203125
1685370177.6974628,8999,73.63211059570312
1685370783.0534914,9999,72.51677703857422
1685371390.7828438,10999,72.28173828125
1685371998.8597717,11999,76.03044891357422
1685372607.1410165,12999,74.13542175292969
1685373219.409942,13999,72.89785766601562
1685373827.5026217,15000,74.2361068725586
