Wall time,Step,Value
1685527617.9890232,999,22.262344360351562
1685528249.1054864,1999,42.512332916259766
1685528879.9161344,2999,50.3929443359375
1685529515.9094899,3999,55.172996520996094
1685530146.3335998,4999,56.10798263549805
1685530778.157278,5999,63.04756164550781
1685531413.1235461,6999,63.58477783203125
1685532046.0377371,7999,63.91452407836914
1685532681.9753056,8999,66.41747283935547
1685533318.2921026,9999,61.73973846435547
1685533952.9691863,10999,66.60615539550781
1685534592.166522,11999,70.34160614013672
1685535229.0671887,12999,67.98677825927734
1685535864.4258564,13999,67.53079223632812
1685536504.0507627,15000,67.02702331542969
