Wall time,Step,Value
1685262226.5152917,999,19.930198669433594
1685262853.5958853,1999,44.09836959838867
1685263480.245072,2999,51.567413330078125
1685264104.9101803,3999,53.31430435180664
1685264733.6723123,4999,56.02600860595703
1685265362.2625203,5999,58.27143478393555
1685265994.2586923,6999,61.415287017822266
1685266623.8351932,7999,65.55863189697266
1685267257.3569148,8999,61.50271224975586
1685267890.7426574,9999,66.77400970458984
1685268526.191178,10999,66.06795501708984
1685269161.5457206,11999,64.95376586914062
1685269798.472209,12999,65.57595825195312
1685270432.09261,13999,65.48368835449219
1685271068.4764059,15000,68.40668487548828
